{
  "accuracy": 0.7584,
  "f1": 0.2669902912621359,
  "roc_auc": 0.780345696094434,
  "classification_report": {
    "0": {
      "precision": 0.9738276990185387,
      "recall": 0.762596071733561,
      "f1-score": 0.8553639846743295,
      "support": 1171.0
    },
    "1": {
      "precision": 0.16516516516516516,
      "recall": 0.6962025316455697,
      "f1-score": 0.2669902912621359,
      "support": 79.0
    },
    "accuracy": 0.7584,
    "macro avg": {
      "precision": 0.569496432091852,
      "recall": 0.7293993016895653,
      "f1-score": 0.5611771379682327,
      "support": 1250.0
    },
    "weighted avg": {
      "precision": 0.9227202268790056,
      "recall": 0.7584,
      "f1-score": 0.8181787672506788,
      "support": 1250.0
    }
  }
}